top_k,liquidity_min,median_adv_selected,p25_adv_selected,capacity_10pct_adv_median,capacity_10pct_adv_p25
10,10000000,194141375.87283453,57660294.186617345,194141375.87283456,57660294.18661735
